-- posts

INSERT INTO posts (user_id, space_id, title, body, excerpt, slug, created_at, updated_at)
VALUES (
    1,
    1,
    'Lorem Ipsum 1',
    '<p>Lorem ipsum dolor sit amet, consectetur adipiscing elit. Pellentesque blandit sapien ante, ac tempus metus viverra eu. Nulla id tincidunt est. Quisque ac fringilla orci. Mauris hendrerit urna diam, luctus pellentesque erat sodales nec. Vestibulum leo diam, ultricies eget dolor nec, accumsan convallis sapien. Etiam elementum vel est molestie euismod. Suspendisse consectetur tempor ante a sodales.</p><p><br /></p><p>Donec a iaculis risus. Aenean tristique, enim a congue maximus, lacus dui porta justo, vel fermentum metus metus in leo. Nulla eget pharetra erat. Sed at diam vitae augue molestie vehicula. Mauris consectetur, enim ut porttitor malesuada, erat urna luctus risus, et fringilla eros felis vel nunc. Donec libero lectus, consequat eget aliquam quis, placerat ac nibh. Fusce vel aliquam metus. Nulla et ligula ut nisl ullamcorper vulputate vitae nec ante. Morbi nec nunc placerat, elementum metus a, ultrices est. Aenean et diam lectus. Pellentesque habitant morbi tristique senectus et netus et malesuada fames ac turpis egestas. Vivamus vestibulum ligula a dignissim egestas. Donec fermentum, enim tempor lobortis auctor, eros nulla venenatis nibh, in lobortis lorem sapien et eros.</p><p><br /></p><p>Etiam vehicula eros felis, vitae sagittis nulla porttitor a. Curabitur lacinia lectus magna, vel efficitur ipsum faucibus nec. Etiam vulputate nunc sed ante laoreet, id dapibus nunc rutrum. Ut gravida tincidunt feugiat. Proin rutrum condimentum tempor. Suspendisse id vulputate ipsum. Praesent luctus scelerisque felis, eget euismod justo tempus eget. Donec interdum nisl sit amet ex porttitor, lacinia ultrices ipsum convallis. Curabitur consequat vehicula condimentum. Donec tortor nibh, suscipit sed tempus sit amet, malesuada eu nulla. Nulla quis diam sapien. Maecenas ac libero ex. Cras at elit in augue viverra sagittis vitae vitae ante. Fusce auctor tortor nunc, ac condimentum augue finibus id.</p><p><br /></p><p>Duis vel mi id nibh tincidunt congue. Aliquam erat volutpat. Mauris sit amet urna interdum, tristique nulla ut, pretium lectus. Cras ac condimentum mi. Phasellus efficitur nunc diam, sed ullamcorper mauris eleifend in. Sed nisl magna, lacinia at convallis ut, ultrices nec nibh. Sed eu purus faucibus, aliquet tortor sed, faucibus nisi. Maecenas vehicula commodo rhoncus. Orci varius natoque penatibus et magnis dis parturient montes, nascetur ridiculus mus. Nam fermentum, lectus vel gravida tempus, est tellus ullamcorper elit, dictum tincidunt orci nisi eget metus. Donec eget ante id ex cursus blandit feugiat ac est. Sed cursus justo a consectetur euismod. Orci varius natoque penatibus et magnis dis parturient montes, nascetur ridiculus mus.</p>',
    'Lorem ipsum dolor sit amet, consectetur adipiscing elit. Pellentesque blandit sapien ante, ac tempus metus viverra eu. Nulla id tincidunt est. Quisque ac fringilla orci. Mauris hendrerit urna diam, luctus pellentesque erat sodales nec. Vestibulum leo diam, ultricies eget dolor nec, accumsan convalli…',
    'lorem-ipsum-1',
    'now'::timestamptz - '1 year'::interval,
    'now'::timestamptz - '3 days'::interval
);

INSERT INTO posts (user_id, space_id, title, body, excerpt, slug, created_at, updated_at)
VALUES (
    2,
    1,
    'Lorem Ipsum 2',
    '<p>Lorem ipsum dolor sit amet, consectetur adipiscing elit. Pellentesque blandit sapien ante, ac tempus metus viverra eu. Nulla id tincidunt est. Quisque ac fringilla orci. Mauris hendrerit urna diam, luctus pellentesque erat sodales nec. Vestibulum leo diam, ultricies eget dolor nec, accumsan convallis sapien. Etiam elementum vel est molestie euismod. Suspendisse consectetur tempor ante a sodales.</p><p><br /></p><p>Donec a iaculis risus. Aenean tristique, enim a congue maximus, lacus dui porta justo, vel fermentum metus metus in leo. Nulla eget pharetra erat. Sed at diam vitae augue molestie vehicula. Mauris consectetur, enim ut porttitor malesuada, erat urna luctus risus, et fringilla eros felis vel nunc. Donec libero lectus, consequat eget aliquam quis, placerat ac nibh. Fusce vel aliquam metus. Nulla et ligula ut nisl ullamcorper vulputate vitae nec ante. Morbi nec nunc placerat, elementum metus a, ultrices est. Aenean et diam lectus. Pellentesque habitant morbi tristique senectus et netus et malesuada fames ac turpis egestas. Vivamus vestibulum ligula a dignissim egestas. Donec fermentum, enim tempor lobortis auctor, eros nulla venenatis nibh, in lobortis lorem sapien et eros.</p><p><br /></p><p>Etiam vehicula eros felis, vitae sagittis nulla porttitor a. Curabitur lacinia lectus magna, vel efficitur ipsum faucibus nec. Etiam vulputate nunc sed ante laoreet, id dapibus nunc rutrum. Ut gravida tincidunt feugiat. Proin rutrum condimentum tempor. Suspendisse id vulputate ipsum. Praesent luctus scelerisque felis, eget euismod justo tempus eget. Donec interdum nisl sit amet ex porttitor, lacinia ultrices ipsum convallis. Curabitur consequat vehicula condimentum. Donec tortor nibh, suscipit sed tempus sit amet, malesuada eu nulla. Nulla quis diam sapien. Maecenas ac libero ex. Cras at elit in augue viverra sagittis vitae vitae ante. Fusce auctor tortor nunc, ac condimentum augue finibus id.</p><p><br /></p><p>Duis vel mi id nibh tincidunt congue. Aliquam erat volutpat. Mauris sit amet urna interdum, tristique nulla ut, pretium lectus. Cras ac condimentum mi. Phasellus efficitur nunc diam, sed ullamcorper mauris eleifend in. Sed nisl magna, lacinia at convallis ut, ultrices nec nibh. Sed eu purus faucibus, aliquet tortor sed, faucibus nisi. Maecenas vehicula commodo rhoncus. Orci varius natoque penatibus et magnis dis parturient montes, nascetur ridiculus mus. Nam fermentum, lectus vel gravida tempus, est tellus ullamcorper elit, dictum tincidunt orci nisi eget metus. Donec eget ante id ex cursus blandit feugiat ac est. Sed cursus justo a consectetur euismod. Orci varius natoque penatibus et magnis dis parturient montes, nascetur ridiculus mus.</p>',
    'Lorem ipsum dolor sit amet, consectetur adipiscing elit. Pellentesque blandit sapien ante, ac tempus metus viverra eu. Nulla id tincidunt est. Quisque ac fringilla orci. Mauris hendrerit urna diam, luctus pellentesque erat sodales nec. Vestibulum leo diam, ultricies eget dolor nec, accumsan convalli…',
    'lorem-ipsum-2',
    'now'::timestamptz - '11 months 20 days'::interval,
    'now'::timestamptz - '5 months 14 days'::interval
);

INSERT INTO posts (user_id, space_id, title, body, excerpt, slug, created_at, updated_at)
VALUES (
    3,
    1,
    'Lorem Ipsum 3',
    '<p>Lorem ipsum dolor sit amet, consectetur adipiscing elit. Pellentesque blandit sapien ante, ac tempus metus viverra eu. Nulla id tincidunt est. Quisque ac fringilla orci. Mauris hendrerit urna diam, luctus pellentesque erat sodales nec. Vestibulum leo diam, ultricies eget dolor nec, accumsan convallis sapien. Etiam elementum vel est molestie euismod. Suspendisse consectetur tempor ante a sodales.</p><p><br /></p><p>Donec a iaculis risus. Aenean tristique, enim a congue maximus, lacus dui porta justo, vel fermentum metus metus in leo. Nulla eget pharetra erat. Sed at diam vitae augue molestie vehicula. Mauris consectetur, enim ut porttitor malesuada, erat urna luctus risus, et fringilla eros felis vel nunc. Donec libero lectus, consequat eget aliquam quis, placerat ac nibh. Fusce vel aliquam metus. Nulla et ligula ut nisl ullamcorper vulputate vitae nec ante. Morbi nec nunc placerat, elementum metus a, ultrices est. Aenean et diam lectus. Pellentesque habitant morbi tristique senectus et netus et malesuada fames ac turpis egestas. Vivamus vestibulum ligula a dignissim egestas. Donec fermentum, enim tempor lobortis auctor, eros nulla venenatis nibh, in lobortis lorem sapien et eros.</p><p><br /></p><p>Etiam vehicula eros felis, vitae sagittis nulla porttitor a. Curabitur lacinia lectus magna, vel efficitur ipsum faucibus nec. Etiam vulputate nunc sed ante laoreet, id dapibus nunc rutrum. Ut gravida tincidunt feugiat. Proin rutrum condimentum tempor. Suspendisse id vulputate ipsum. Praesent luctus scelerisque felis, eget euismod justo tempus eget. Donec interdum nisl sit amet ex porttitor, lacinia ultrices ipsum convallis. Curabitur consequat vehicula condimentum. Donec tortor nibh, suscipit sed tempus sit amet, malesuada eu nulla. Nulla quis diam sapien. Maecenas ac libero ex. Cras at elit in augue viverra sagittis vitae vitae ante. Fusce auctor tortor nunc, ac condimentum augue finibus id.</p><p><br /></p><p>Duis vel mi id nibh tincidunt congue. Aliquam erat volutpat. Mauris sit amet urna interdum, tristique nulla ut, pretium lectus. Cras ac condimentum mi. Phasellus efficitur nunc diam, sed ullamcorper mauris eleifend in. Sed nisl magna, lacinia at convallis ut, ultrices nec nibh. Sed eu purus faucibus, aliquet tortor sed, faucibus nisi. Maecenas vehicula commodo rhoncus. Orci varius natoque penatibus et magnis dis parturient montes, nascetur ridiculus mus. Nam fermentum, lectus vel gravida tempus, est tellus ullamcorper elit, dictum tincidunt orci nisi eget metus. Donec eget ante id ex cursus blandit feugiat ac est. Sed cursus justo a consectetur euismod. Orci varius natoque penatibus et magnis dis parturient montes, nascetur ridiculus mus.</p>',
    'Lorem ipsum dolor sit amet, consectetur adipiscing elit. Pellentesque blandit sapien ante, ac tempus metus viverra eu. Nulla id tincidunt est. Quisque ac fringilla orci. Mauris hendrerit urna diam, luctus pellentesque erat sodales nec. Vestibulum leo diam, ultricies eget dolor nec, accumsan convalli…',
    'lorem-ipsum-3',
    'now'::timestamptz - '10 months 4 days'::interval,
    'now'::timestamptz - '10 months 4 days'::interval
);

INSERT INTO posts (user_id, space_id, title, body, excerpt, slug, created_at, updated_at)
VALUES (
    1,
    1,
    'Lorem Ipsum 4',
    '<p>Lorem ipsum dolor sit amet, consectetur adipiscing elit. Pellentesque blandit sapien ante, ac tempus metus viverra eu. Nulla id tincidunt est. Quisque ac fringilla orci. Mauris hendrerit urna diam, luctus pellentesque erat sodales nec. Vestibulum leo diam, ultricies eget dolor nec, accumsan convallis sapien. Etiam elementum vel est molestie euismod. Suspendisse consectetur tempor ante a sodales.</p><p><br /></p><p>Donec a iaculis risus. Aenean tristique, enim a congue maximus, lacus dui porta justo, vel fermentum metus metus in leo. Nulla eget pharetra erat. Sed at diam vitae augue molestie vehicula. Mauris consectetur, enim ut porttitor malesuada, erat urna luctus risus, et fringilla eros felis vel nunc. Donec libero lectus, consequat eget aliquam quis, placerat ac nibh. Fusce vel aliquam metus. Nulla et ligula ut nisl ullamcorper vulputate vitae nec ante. Morbi nec nunc placerat, elementum metus a, ultrices est. Aenean et diam lectus. Pellentesque habitant morbi tristique senectus et netus et malesuada fames ac turpis egestas. Vivamus vestibulum ligula a dignissim egestas. Donec fermentum, enim tempor lobortis auctor, eros nulla venenatis nibh, in lobortis lorem sapien et eros.</p><p><br /></p><p>Etiam vehicula eros felis, vitae sagittis nulla porttitor a. Curabitur lacinia lectus magna, vel efficitur ipsum faucibus nec. Etiam vulputate nunc sed ante laoreet, id dapibus nunc rutrum. Ut gravida tincidunt feugiat. Proin rutrum condimentum tempor. Suspendisse id vulputate ipsum. Praesent luctus scelerisque felis, eget euismod justo tempus eget. Donec interdum nisl sit amet ex porttitor, lacinia ultrices ipsum convallis. Curabitur consequat vehicula condimentum. Donec tortor nibh, suscipit sed tempus sit amet, malesuada eu nulla. Nulla quis diam sapien. Maecenas ac libero ex. Cras at elit in augue viverra sagittis vitae vitae ante. Fusce auctor tortor nunc, ac condimentum augue finibus id.</p><p><br /></p><p>Duis vel mi id nibh tincidunt congue. Aliquam erat volutpat. Mauris sit amet urna interdum, tristique nulla ut, pretium lectus. Cras ac condimentum mi. Phasellus efficitur nunc diam, sed ullamcorper mauris eleifend in. Sed nisl magna, lacinia at convallis ut, ultrices nec nibh. Sed eu purus faucibus, aliquet tortor sed, faucibus nisi. Maecenas vehicula commodo rhoncus. Orci varius natoque penatibus et magnis dis parturient montes, nascetur ridiculus mus. Nam fermentum, lectus vel gravida tempus, est tellus ullamcorper elit, dictum tincidunt orci nisi eget metus. Donec eget ante id ex cursus blandit feugiat ac est. Sed cursus justo a consectetur euismod. Orci varius natoque penatibus et magnis dis parturient montes, nascetur ridiculus mus.</p>',
    'Lorem ipsum dolor sit amet, consectetur adipiscing elit. Pellentesque blandit sapien ante, ac tempus metus viverra eu. Nulla id tincidunt est. Quisque ac fringilla orci. Mauris hendrerit urna diam, luctus pellentesque erat sodales nec. Vestibulum leo diam, ultricies eget dolor nec, accumsan convalli…',
    'lorem-ipsum-4',
    'now'::timestamptz - '10 months'::interval,
    'now'::timestamptz - '10 months'::interval
);

INSERT INTO posts (user_id, space_id, title, body, excerpt, slug, created_at, updated_at)
VALUES (
    5,
    1,
    'Lorem Ipsum 5',
    '<p>Lorem ipsum dolor sit amet, consectetur adipiscing elit. Pellentesque blandit sapien ante, ac tempus metus viverra eu. Nulla id tincidunt est. Quisque ac fringilla orci. Mauris hendrerit urna diam, luctus pellentesque erat sodales nec. Vestibulum leo diam, ultricies eget dolor nec, accumsan convallis sapien. Etiam elementum vel est molestie euismod. Suspendisse consectetur tempor ante a sodales.</p><p><br /></p><p>Donec a iaculis risus. Aenean tristique, enim a congue maximus, lacus dui porta justo, vel fermentum metus metus in leo. Nulla eget pharetra erat. Sed at diam vitae augue molestie vehicula. Mauris consectetur, enim ut porttitor malesuada, erat urna luctus risus, et fringilla eros felis vel nunc. Donec libero lectus, consequat eget aliquam quis, placerat ac nibh. Fusce vel aliquam metus. Nulla et ligula ut nisl ullamcorper vulputate vitae nec ante. Morbi nec nunc placerat, elementum metus a, ultrices est. Aenean et diam lectus. Pellentesque habitant morbi tristique senectus et netus et malesuada fames ac turpis egestas. Vivamus vestibulum ligula a dignissim egestas. Donec fermentum, enim tempor lobortis auctor, eros nulla venenatis nibh, in lobortis lorem sapien et eros.</p><p><br /></p><p>Etiam vehicula eros felis, vitae sagittis nulla porttitor a. Curabitur lacinia lectus magna, vel efficitur ipsum faucibus nec. Etiam vulputate nunc sed ante laoreet, id dapibus nunc rutrum. Ut gravida tincidunt feugiat. Proin rutrum condimentum tempor. Suspendisse id vulputate ipsum. Praesent luctus scelerisque felis, eget euismod justo tempus eget. Donec interdum nisl sit amet ex porttitor, lacinia ultrices ipsum convallis. Curabitur consequat vehicula condimentum. Donec tortor nibh, suscipit sed tempus sit amet, malesuada eu nulla. Nulla quis diam sapien. Maecenas ac libero ex. Cras at elit in augue viverra sagittis vitae vitae ante. Fusce auctor tortor nunc, ac condimentum augue finibus id.</p><p><br /></p><p>Duis vel mi id nibh tincidunt congue. Aliquam erat volutpat. Mauris sit amet urna interdum, tristique nulla ut, pretium lectus. Cras ac condimentum mi. Phasellus efficitur nunc diam, sed ullamcorper mauris eleifend in. Sed nisl magna, lacinia at convallis ut, ultrices nec nibh. Sed eu purus faucibus, aliquet tortor sed, faucibus nisi. Maecenas vehicula commodo rhoncus. Orci varius natoque penatibus et magnis dis parturient montes, nascetur ridiculus mus. Nam fermentum, lectus vel gravida tempus, est tellus ullamcorper elit, dictum tincidunt orci nisi eget metus. Donec eget ante id ex cursus blandit feugiat ac est. Sed cursus justo a consectetur euismod. Orci varius natoque penatibus et magnis dis parturient montes, nascetur ridiculus mus.</p>',
    'Lorem ipsum dolor sit amet, consectetur adipiscing elit. Pellentesque blandit sapien ante, ac tempus metus viverra eu. Nulla id tincidunt est. Quisque ac fringilla orci. Mauris hendrerit urna diam, luctus pellentesque erat sodales nec. Vestibulum leo diam, ultricies eget dolor nec, accumsan convalli…',
    'lorem-ipsum-5',
    'now'::timestamptz - '9 months 28 days'::interval,
    'now'::timestamptz - '9 months 20 days'::interval
);

INSERT INTO posts (user_id, space_id, title, body, excerpt, slug, created_at, updated_at)
VALUES (
    1,
    1,
    'Lorem Ipsum 6',
    '<p>Lorem ipsum dolor sit amet, consectetur adipiscing elit. Pellentesque blandit sapien ante, ac tempus metus viverra eu. Nulla id tincidunt est. Quisque ac fringilla orci. Mauris hendrerit urna diam, luctus pellentesque erat sodales nec. Vestibulum leo diam, ultricies eget dolor nec, accumsan convallis sapien. Etiam elementum vel est molestie euismod. Suspendisse consectetur tempor ante a sodales.</p><p><br /></p><p>Donec a iaculis risus. Aenean tristique, enim a congue maximus, lacus dui porta justo, vel fermentum metus metus in leo. Nulla eget pharetra erat. Sed at diam vitae augue molestie vehicula. Mauris consectetur, enim ut porttitor malesuada, erat urna luctus risus, et fringilla eros felis vel nunc. Donec libero lectus, consequat eget aliquam quis, placerat ac nibh. Fusce vel aliquam metus. Nulla et ligula ut nisl ullamcorper vulputate vitae nec ante. Morbi nec nunc placerat, elementum metus a, ultrices est. Aenean et diam lectus. Pellentesque habitant morbi tristique senectus et netus et malesuada fames ac turpis egestas. Vivamus vestibulum ligula a dignissim egestas. Donec fermentum, enim tempor lobortis auctor, eros nulla venenatis nibh, in lobortis lorem sapien et eros.</p><p><br /></p><p>Etiam vehicula eros felis, vitae sagittis nulla porttitor a. Curabitur lacinia lectus magna, vel efficitur ipsum faucibus nec. Etiam vulputate nunc sed ante laoreet, id dapibus nunc rutrum. Ut gravida tincidunt feugiat. Proin rutrum condimentum tempor. Suspendisse id vulputate ipsum. Praesent luctus scelerisque felis, eget euismod justo tempus eget. Donec interdum nisl sit amet ex porttitor, lacinia ultrices ipsum convallis. Curabitur consequat vehicula condimentum. Donec tortor nibh, suscipit sed tempus sit amet, malesuada eu nulla. Nulla quis diam sapien. Maecenas ac libero ex. Cras at elit in augue viverra sagittis vitae vitae ante. Fusce auctor tortor nunc, ac condimentum augue finibus id.</p><p><br /></p><p>Duis vel mi id nibh tincidunt congue. Aliquam erat volutpat. Mauris sit amet urna interdum, tristique nulla ut, pretium lectus. Cras ac condimentum mi. Phasellus efficitur nunc diam, sed ullamcorper mauris eleifend in. Sed nisl magna, lacinia at convallis ut, ultrices nec nibh. Sed eu purus faucibus, aliquet tortor sed, faucibus nisi. Maecenas vehicula commodo rhoncus. Orci varius natoque penatibus et magnis dis parturient montes, nascetur ridiculus mus. Nam fermentum, lectus vel gravida tempus, est tellus ullamcorper elit, dictum tincidunt orci nisi eget metus. Donec eget ante id ex cursus blandit feugiat ac est. Sed cursus justo a consectetur euismod. Orci varius natoque penatibus et magnis dis parturient montes, nascetur ridiculus mus.</p>',
    'Lorem ipsum dolor sit amet, consectetur adipiscing elit. Pellentesque blandit sapien ante, ac tempus metus viverra eu. Nulla id tincidunt est. Quisque ac fringilla orci. Mauris hendrerit urna diam, luctus pellentesque erat sodales nec. Vestibulum leo diam, ultricies eget dolor nec, accumsan convalli…',
    'lorem-ipsum-6',
    'now'::timestamptz - '9 months 27 days'::interval,
    'now'::timestamptz - '9 months 27 days'::interval
);

INSERT INTO posts (user_id, space_id, title, body, excerpt, slug, created_at, updated_at)
VALUES (
    5,
    1,
    'Lorem Ipsum 7',
    '<p>Lorem ipsum dolor sit amet, consectetur adipiscing elit. Pellentesque blandit sapien ante, ac tempus metus viverra eu. Nulla id tincidunt est. Quisque ac fringilla orci. Mauris hendrerit urna diam, luctus pellentesque erat sodales nec. Vestibulum leo diam, ultricies eget dolor nec, accumsan convallis sapien. Etiam elementum vel est molestie euismod. Suspendisse consectetur tempor ante a sodales.</p><p><br /></p><p>Donec a iaculis risus. Aenean tristique, enim a congue maximus, lacus dui porta justo, vel fermentum metus metus in leo. Nulla eget pharetra erat. Sed at diam vitae augue molestie vehicula. Mauris consectetur, enim ut porttitor malesuada, erat urna luctus risus, et fringilla eros felis vel nunc. Donec libero lectus, consequat eget aliquam quis, placerat ac nibh. Fusce vel aliquam metus. Nulla et ligula ut nisl ullamcorper vulputate vitae nec ante. Morbi nec nunc placerat, elementum metus a, ultrices est. Aenean et diam lectus. Pellentesque habitant morbi tristique senectus et netus et malesuada fames ac turpis egestas. Vivamus vestibulum ligula a dignissim egestas. Donec fermentum, enim tempor lobortis auctor, eros nulla venenatis nibh, in lobortis lorem sapien et eros.</p><p><br /></p><p>Etiam vehicula eros felis, vitae sagittis nulla porttitor a. Curabitur lacinia lectus magna, vel efficitur ipsum faucibus nec. Etiam vulputate nunc sed ante laoreet, id dapibus nunc rutrum. Ut gravida tincidunt feugiat. Proin rutrum condimentum tempor. Suspendisse id vulputate ipsum. Praesent luctus scelerisque felis, eget euismod justo tempus eget. Donec interdum nisl sit amet ex porttitor, lacinia ultrices ipsum convallis. Curabitur consequat vehicula condimentum. Donec tortor nibh, suscipit sed tempus sit amet, malesuada eu nulla. Nulla quis diam sapien. Maecenas ac libero ex. Cras at elit in augue viverra sagittis vitae vitae ante. Fusce auctor tortor nunc, ac condimentum augue finibus id.</p><p><br /></p><p>Duis vel mi id nibh tincidunt congue. Aliquam erat volutpat. Mauris sit amet urna interdum, tristique nulla ut, pretium lectus. Cras ac condimentum mi. Phasellus efficitur nunc diam, sed ullamcorper mauris eleifend in. Sed nisl magna, lacinia at convallis ut, ultrices nec nibh. Sed eu purus faucibus, aliquet tortor sed, faucibus nisi. Maecenas vehicula commodo rhoncus. Orci varius natoque penatibus et magnis dis parturient montes, nascetur ridiculus mus. Nam fermentum, lectus vel gravida tempus, est tellus ullamcorper elit, dictum tincidunt orci nisi eget metus. Donec eget ante id ex cursus blandit feugiat ac est. Sed cursus justo a consectetur euismod. Orci varius natoque penatibus et magnis dis parturient montes, nascetur ridiculus mus.</p>',
    'Lorem ipsum dolor sit amet, consectetur adipiscing elit. Pellentesque blandit sapien ante, ac tempus metus viverra eu. Nulla id tincidunt est. Quisque ac fringilla orci. Mauris hendrerit urna diam, luctus pellentesque erat sodales nec. Vestibulum leo diam, ultricies eget dolor nec, accumsan convalli…',
    'lorem-ipsum-7',
    'now'::timestamptz - '9 months 16 days'::interval,
    'now'::timestamptz - '9 months 16 days'::interval
);

INSERT INTO posts (user_id, space_id, title, body, excerpt, slug, created_at, updated_at)
VALUES (
    3,
    1,
    'Lorem Ipsum 8',
    '<p>Lorem ipsum dolor sit amet, consectetur adipiscing elit. Pellentesque blandit sapien ante, ac tempus metus viverra eu. Nulla id tincidunt est. Quisque ac fringilla orci. Mauris hendrerit urna diam, luctus pellentesque erat sodales nec. Vestibulum leo diam, ultricies eget dolor nec, accumsan convallis sapien. Etiam elementum vel est molestie euismod. Suspendisse consectetur tempor ante a sodales.</p><p><br /></p><p>Donec a iaculis risus. Aenean tristique, enim a congue maximus, lacus dui porta justo, vel fermentum metus metus in leo. Nulla eget pharetra erat. Sed at diam vitae augue molestie vehicula. Mauris consectetur, enim ut porttitor malesuada, erat urna luctus risus, et fringilla eros felis vel nunc. Donec libero lectus, consequat eget aliquam quis, placerat ac nibh. Fusce vel aliquam metus. Nulla et ligula ut nisl ullamcorper vulputate vitae nec ante. Morbi nec nunc placerat, elementum metus a, ultrices est. Aenean et diam lectus. Pellentesque habitant morbi tristique senectus et netus et malesuada fames ac turpis egestas. Vivamus vestibulum ligula a dignissim egestas. Donec fermentum, enim tempor lobortis auctor, eros nulla venenatis nibh, in lobortis lorem sapien et eros.</p><p><br /></p><p>Etiam vehicula eros felis, vitae sagittis nulla porttitor a. Curabitur lacinia lectus magna, vel efficitur ipsum faucibus nec. Etiam vulputate nunc sed ante laoreet, id dapibus nunc rutrum. Ut gravida tincidunt feugiat. Proin rutrum condimentum tempor. Suspendisse id vulputate ipsum. Praesent luctus scelerisque felis, eget euismod justo tempus eget. Donec interdum nisl sit amet ex porttitor, lacinia ultrices ipsum convallis. Curabitur consequat vehicula condimentum. Donec tortor nibh, suscipit sed tempus sit amet, malesuada eu nulla. Nulla quis diam sapien. Maecenas ac libero ex. Cras at elit in augue viverra sagittis vitae vitae ante. Fusce auctor tortor nunc, ac condimentum augue finibus id.</p><p><br /></p><p>Duis vel mi id nibh tincidunt congue. Aliquam erat volutpat. Mauris sit amet urna interdum, tristique nulla ut, pretium lectus. Cras ac condimentum mi. Phasellus efficitur nunc diam, sed ullamcorper mauris eleifend in. Sed nisl magna, lacinia at convallis ut, ultrices nec nibh. Sed eu purus faucibus, aliquet tortor sed, faucibus nisi. Maecenas vehicula commodo rhoncus. Orci varius natoque penatibus et magnis dis parturient montes, nascetur ridiculus mus. Nam fermentum, lectus vel gravida tempus, est tellus ullamcorper elit, dictum tincidunt orci nisi eget metus. Donec eget ante id ex cursus blandit feugiat ac est. Sed cursus justo a consectetur euismod. Orci varius natoque penatibus et magnis dis parturient montes, nascetur ridiculus mus.</p>',
    'Lorem ipsum dolor sit amet, consectetur adipiscing elit. Pellentesque blandit sapien ante, ac tempus metus viverra eu. Nulla id tincidunt est. Quisque ac fringilla orci. Mauris hendrerit urna diam, luctus pellentesque erat sodales nec. Vestibulum leo diam, ultricies eget dolor nec, accumsan convalli…',
    'lorem-ipsum-8',
    'now'::timestamptz - '9 months 16 days'::interval,
    'now'::timestamptz - '9 months 16 days'::interval
);

INSERT INTO posts (user_id, space_id, title, body, excerpt, slug, created_at, updated_at)
VALUES (
    1,
    1,
    'Lorem Ipsum 9',
    '<p>Lorem ipsum dolor sit amet, consectetur adipiscing elit. Pellentesque blandit sapien ante, ac tempus metus viverra eu. Nulla id tincidunt est. Quisque ac fringilla orci. Mauris hendrerit urna diam, luctus pellentesque erat sodales nec. Vestibulum leo diam, ultricies eget dolor nec, accumsan convallis sapien. Etiam elementum vel est molestie euismod. Suspendisse consectetur tempor ante a sodales.</p><p><br /></p><p>Donec a iaculis risus. Aenean tristique, enim a congue maximus, lacus dui porta justo, vel fermentum metus metus in leo. Nulla eget pharetra erat. Sed at diam vitae augue molestie vehicula. Mauris consectetur, enim ut porttitor malesuada, erat urna luctus risus, et fringilla eros felis vel nunc. Donec libero lectus, consequat eget aliquam quis, placerat ac nibh. Fusce vel aliquam metus. Nulla et ligula ut nisl ullamcorper vulputate vitae nec ante. Morbi nec nunc placerat, elementum metus a, ultrices est. Aenean et diam lectus. Pellentesque habitant morbi tristique senectus et netus et malesuada fames ac turpis egestas. Vivamus vestibulum ligula a dignissim egestas. Donec fermentum, enim tempor lobortis auctor, eros nulla venenatis nibh, in lobortis lorem sapien et eros.</p><p><br /></p><p>Etiam vehicula eros felis, vitae sagittis nulla porttitor a. Curabitur lacinia lectus magna, vel efficitur ipsum faucibus nec. Etiam vulputate nunc sed ante laoreet, id dapibus nunc rutrum. Ut gravida tincidunt feugiat. Proin rutrum condimentum tempor. Suspendisse id vulputate ipsum. Praesent luctus scelerisque felis, eget euismod justo tempus eget. Donec interdum nisl sit amet ex porttitor, lacinia ultrices ipsum convallis. Curabitur consequat vehicula condimentum. Donec tortor nibh, suscipit sed tempus sit amet, malesuada eu nulla. Nulla quis diam sapien. Maecenas ac libero ex. Cras at elit in augue viverra sagittis vitae vitae ante. Fusce auctor tortor nunc, ac condimentum augue finibus id.</p><p><br /></p><p>Duis vel mi id nibh tincidunt congue. Aliquam erat volutpat. Mauris sit amet urna interdum, tristique nulla ut, pretium lectus. Cras ac condimentum mi. Phasellus efficitur nunc diam, sed ullamcorper mauris eleifend in. Sed nisl magna, lacinia at convallis ut, ultrices nec nibh. Sed eu purus faucibus, aliquet tortor sed, faucibus nisi. Maecenas vehicula commodo rhoncus. Orci varius natoque penatibus et magnis dis parturient montes, nascetur ridiculus mus. Nam fermentum, lectus vel gravida tempus, est tellus ullamcorper elit, dictum tincidunt orci nisi eget metus. Donec eget ante id ex cursus blandit feugiat ac est. Sed cursus justo a consectetur euismod. Orci varius natoque penatibus et magnis dis parturient montes, nascetur ridiculus mus.</p>',
    'Lorem ipsum dolor sit amet, consectetur adipiscing elit. Pellentesque blandit sapien ante, ac tempus metus viverra eu. Nulla id tincidunt est. Quisque ac fringilla orci. Mauris hendrerit urna diam, luctus pellentesque erat sodales nec. Vestibulum leo diam, ultricies eget dolor nec, accumsan convalli…',
    'lorem-ipsum-9',
    'now'::timestamptz - '8 months 28 days'::interval,
    'now'::timestamptz - '8 months 28 days'::interval
);

INSERT INTO posts (user_id, space_id, title, body, excerpt, slug, created_at, updated_at)
VALUES (
    1,
    1,
    'Lorem Ipsum 10. dolor sit amet, consectetur adipiscing elit. Pellentesque blandit sapien ante, ac tempus metus viverra eu. Nulla id tincidunt est. Quisque ac fringilla orci.',
    '<p>Lorem ipsum dolor sit amet, consectetur adipiscing elit. Pellentesque blandit sapien ante, ac tempus metus viverra eu. Nulla id tincidunt est. Quisque ac fringilla orci. Mauris hendrerit urna diam, luctus pellentesque erat sodales nec. Vestibulum leo diam, ultricies eget dolor nec, accumsan convallis sapien. Etiam elementum vel est molestie euismod. Suspendisse consectetur tempor ante a sodales.</p><p><br /></p><p>Donec a iaculis risus. Aenean tristique, enim a congue maximus, lacus dui porta justo, vel fermentum metus metus in leo. Nulla eget pharetra erat. Sed at diam vitae augue molestie vehicula. Mauris consectetur, enim ut porttitor malesuada, erat urna luctus risus, et fringilla eros felis vel nunc. Donec libero lectus, consequat eget aliquam quis, placerat ac nibh. Fusce vel aliquam metus. Nulla et ligula ut nisl ullamcorper vulputate vitae nec ante. Morbi nec nunc placerat, elementum metus a, ultrices est. Aenean et diam lectus. Pellentesque habitant morbi tristique senectus et netus et malesuada fames ac turpis egestas. Vivamus vestibulum ligula a dignissim egestas. Donec fermentum, enim tempor lobortis auctor, eros nulla venenatis nibh, in lobortis lorem sapien et eros.</p><p><br /></p><p>Etiam vehicula eros felis, vitae sagittis nulla porttitor a. Curabitur lacinia lectus magna, vel efficitur ipsum faucibus nec. Etiam vulputate nunc sed ante laoreet, id dapibus nunc rutrum. Ut gravida tincidunt feugiat. Proin rutrum condimentum tempor. Suspendisse id vulputate ipsum. Praesent luctus scelerisque felis, eget euismod justo tempus eget. Donec interdum nisl sit amet ex porttitor, lacinia ultrices ipsum convallis. Curabitur consequat vehicula condimentum. Donec tortor nibh, suscipit sed tempus sit amet, malesuada eu nulla. Nulla quis diam sapien. Maecenas ac libero ex. Cras at elit in augue viverra sagittis vitae vitae ante. Fusce auctor tortor nunc, ac condimentum augue finibus id.</p><p><br /></p><p>Duis vel mi id nibh tincidunt congue. Aliquam erat volutpat. Mauris sit amet urna interdum, tristique nulla ut, pretium lectus. Cras ac condimentum mi. Phasellus efficitur nunc diam, sed ullamcorper mauris eleifend in. Sed nisl magna, lacinia at convallis ut, ultrices nec nibh. Sed eu purus faucibus, aliquet tortor sed, faucibus nisi. Maecenas vehicula commodo rhoncus. Orci varius natoque penatibus et magnis dis parturient montes, nascetur ridiculus mus. Nam fermentum, lectus vel gravida tempus, est tellus ullamcorper elit, dictum tincidunt orci nisi eget metus. Donec eget ante id ex cursus blandit feugiat ac est. Sed cursus justo a consectetur euismod. Orci varius natoque penatibus et magnis dis parturient montes, nascetur ridiculus mus.</p>',
    'Lorem ipsum dolor sit amet, consectetur adipiscing elit. Pellentesque blandit sapien ante, ac tempus metus viverra eu. Nulla id tincidunt est. Quisque ac fringilla orci. Mauris hendrerit urna diam, luctus pellentesque erat sodales nec. Vestibulum leo diam, ultricies eget dolor nec, accumsan convalli…',
    'lorem-ipsum-10',
    'now'::timestamptz - '8 months 2 days'::interval,
    'now'::timestamptz - '6 months 24 days'::interval
);

INSERT INTO posts (user_id, space_id, title, body, excerpt, slug, created_at, updated_at)
VALUES (
    2,
    1,
    'Lorem Ipsum 11',
    '<p>Lorem ipsum dolor sit amet, consectetur adipiscing elit. Pellentesque blandit sapien ante, ac tempus metus viverra eu. Nulla id tincidunt est. Quisque ac fringilla orci. Mauris hendrerit urna diam, luctus pellentesque erat sodales nec. Vestibulum leo diam, ultricies eget dolor nec, accumsan convallis sapien. Etiam elementum vel est molestie euismod. Suspendisse consectetur tempor ante a sodales.</p><p><br /></p><p>Donec a iaculis risus. Aenean tristique, enim a congue maximus, lacus dui porta justo, vel fermentum metus metus in leo. Nulla eget pharetra erat. Sed at diam vitae augue molestie vehicula. Mauris consectetur, enim ut porttitor malesuada, erat urna luctus risus, et fringilla eros felis vel nunc. Donec libero lectus, consequat eget aliquam quis, placerat ac nibh. Fusce vel aliquam metus. Nulla et ligula ut nisl ullamcorper vulputate vitae nec ante. Morbi nec nunc placerat, elementum metus a, ultrices est. Aenean et diam lectus. Pellentesque habitant morbi tristique senectus et netus et malesuada fames ac turpis egestas. Vivamus vestibulum ligula a dignissim egestas. Donec fermentum, enim tempor lobortis auctor, eros nulla venenatis nibh, in lobortis lorem sapien et eros.</p><p><br /></p><p>Etiam vehicula eros felis, vitae sagittis nulla porttitor a. Curabitur lacinia lectus magna, vel efficitur ipsum faucibus nec. Etiam vulputate nunc sed ante laoreet, id dapibus nunc rutrum. Ut gravida tincidunt feugiat. Proin rutrum condimentum tempor. Suspendisse id vulputate ipsum. Praesent luctus scelerisque felis, eget euismod justo tempus eget. Donec interdum nisl sit amet ex porttitor, lacinia ultrices ipsum convallis. Curabitur consequat vehicula condimentum. Donec tortor nibh, suscipit sed tempus sit amet, malesuada eu nulla. Nulla quis diam sapien. Maecenas ac libero ex. Cras at elit in augue viverra sagittis vitae vitae ante. Fusce auctor tortor nunc, ac condimentum augue finibus id.</p><p><br /></p><p>Duis vel mi id nibh tincidunt congue. Aliquam erat volutpat. Mauris sit amet urna interdum, tristique nulla ut, pretium lectus. Cras ac condimentum mi. Phasellus efficitur nunc diam, sed ullamcorper mauris eleifend in. Sed nisl magna, lacinia at convallis ut, ultrices nec nibh. Sed eu purus faucibus, aliquet tortor sed, faucibus nisi. Maecenas vehicula commodo rhoncus. Orci varius natoque penatibus et magnis dis parturient montes, nascetur ridiculus mus. Nam fermentum, lectus vel gravida tempus, est tellus ullamcorper elit, dictum tincidunt orci nisi eget metus. Donec eget ante id ex cursus blandit feugiat ac est. Sed cursus justo a consectetur euismod. Orci varius natoque penatibus et magnis dis parturient montes, nascetur ridiculus mus.</p>',
    'Lorem ipsum dolor sit amet, consectetur adipiscing elit. Pellentesque blandit sapien ante, ac tempus metus viverra eu. Nulla id tincidunt est. Quisque ac fringilla orci. Mauris hendrerit urna diam, luctus pellentesque erat sodales nec. Vestibulum leo diam, ultricies eget dolor nec, accumsan convalli…',
    'lorem-ipsum-11',
    'now'::timestamptz - '7 months 1 day'::interval,
    'now'::timestamptz - '7 months 1 day'::interval
);

INSERT INTO posts (user_id, space_id, title, body, excerpt, slug, created_at, updated_at)
VALUES (
    1,
    1,
    'Lorem Ipsum 12',
    '<p>Lorem ipsum dolor sit amet, consectetur adipiscing elit. Pellentesque blandit sapien ante, ac tempus metus viverra eu. Nulla id tincidunt est. Quisque ac fringilla orci. Mauris hendrerit urna diam, luctus pellentesque erat sodales nec. Vestibulum leo diam, ultricies eget dolor nec, accumsan convallis sapien. Etiam elementum vel est molestie euismod. Suspendisse consectetur tempor ante a sodales.</p><p><br /></p><p>Donec a iaculis risus. Aenean tristique, enim a congue maximus, lacus dui porta justo, vel fermentum metus metus in leo. Nulla eget pharetra erat. Sed at diam vitae augue molestie vehicula. Mauris consectetur, enim ut porttitor malesuada, erat urna luctus risus, et fringilla eros felis vel nunc. Donec libero lectus, consequat eget aliquam quis, placerat ac nibh. Fusce vel aliquam metus. Nulla et ligula ut nisl ullamcorper vulputate vitae nec ante. Morbi nec nunc placerat, elementum metus a, ultrices est. Aenean et diam lectus. Pellentesque habitant morbi tristique senectus et netus et malesuada fames ac turpis egestas. Vivamus vestibulum ligula a dignissim egestas. Donec fermentum, enim tempor lobortis auctor, eros nulla venenatis nibh, in lobortis lorem sapien et eros.</p><p><br /></p><p>Etiam vehicula eros felis, vitae sagittis nulla porttitor a. Curabitur lacinia lectus magna, vel efficitur ipsum faucibus nec. Etiam vulputate nunc sed ante laoreet, id dapibus nunc rutrum. Ut gravida tincidunt feugiat. Proin rutrum condimentum tempor. Suspendisse id vulputate ipsum. Praesent luctus scelerisque felis, eget euismod justo tempus eget. Donec interdum nisl sit amet ex porttitor, lacinia ultrices ipsum convallis. Curabitur consequat vehicula condimentum. Donec tortor nibh, suscipit sed tempus sit amet, malesuada eu nulla. Nulla quis diam sapien. Maecenas ac libero ex. Cras at elit in augue viverra sagittis vitae vitae ante. Fusce auctor tortor nunc, ac condimentum augue finibus id.</p><p><br /></p><p>Duis vel mi id nibh tincidunt congue. Aliquam erat volutpat. Mauris sit amet urna interdum, tristique nulla ut, pretium lectus. Cras ac condimentum mi. Phasellus efficitur nunc diam, sed ullamcorper mauris eleifend in. Sed nisl magna, lacinia at convallis ut, ultrices nec nibh. Sed eu purus faucibus, aliquet tortor sed, faucibus nisi. Maecenas vehicula commodo rhoncus. Orci varius natoque penatibus et magnis dis parturient montes, nascetur ridiculus mus. Nam fermentum, lectus vel gravida tempus, est tellus ullamcorper elit, dictum tincidunt orci nisi eget metus. Donec eget ante id ex cursus blandit feugiat ac est. Sed cursus justo a consectetur euismod. Orci varius natoque penatibus et magnis dis parturient montes, nascetur ridiculus mus.</p>',
    'Lorem ipsum dolor sit amet, consectetur adipiscing elit. Pellentesque blandit sapien ante, ac tempus metus viverra eu. Nulla id tincidunt est. Quisque ac fringilla orci. Mauris hendrerit urna diam, luctus pellentesque erat sodales nec. Vestibulum leo diam, ultricies eget dolor nec, accumsan convalli…',
    'lorem-ipsum-12-dolor-sit-amet-consectetur-adipiscing-elit-pellentesque-blandit-sapien-ante-ac-tempus-metus-viverra-eu-nulla-id-tincidunt-est-quisque-ac-fringilla-orci',
    'now'::timestamptz - '7 months'::interval,
    'now'::timestamptz - '1 day'::interval
);

-- post meta

INSERT INTO post_meta (post_id, rating, view_count, comment_count) VALUES (1, 0, 0, 0);

INSERT INTO post_meta (post_id, rating, view_count, comment_count) VALUES (2, 0, 0, 0);

INSERT INTO post_meta (post_id, rating, view_count, comment_count) VALUES (3, 0, 0, 0);

INSERT INTO post_meta (post_id, rating, view_count, comment_count) VALUES (4, 0, 0, 0);

INSERT INTO post_meta (post_id, rating, view_count, comment_count) VALUES (5, 0, 0, 0);

INSERT INTO post_meta (post_id, rating, view_count, comment_count) VALUES (6, 0, 0, 0);

INSERT INTO post_meta (post_id, rating, view_count, comment_count) VALUES (7, 0, 0, 0);

INSERT INTO post_meta (post_id, rating, view_count, comment_count) VALUES (8, 0, 0, 0);

INSERT INTO post_meta (post_id, rating, view_count, comment_count) VALUES (9, -1, 1, 0);

INSERT INTO post_meta (post_id, rating, view_count, comment_count) VALUES (10, 0, 100, 1);

INSERT INTO post_meta (post_id, rating, view_count, comment_count) VALUES (11, 1, 20, 12);

INSERT INTO post_meta (post_id, rating, view_count, comment_count) VALUES (12, 0, 0, 0);

-- post vote

INSERT INTO post_vote (post_id, user_id, value) VALUES (11, 1, 1);

INSERT INTO post_vote (post_id, user_id, value) VALUES (11, 2, 1);

INSERT INTO post_vote (post_id, user_id, value) VALUES (11, 3, -1);

INSERT INTO post_vote (post_id, user_id, value) VALUES (10, 1, -1);

INSERT INTO post_vote (post_id, user_id, value) VALUES (10, 2, 1);

INSERT INTO post_vote (post_id, user_id, value) VALUES (9, 3, -1);

-- post comment

INSERT INTO post_comment (post_id, user_id, body, created_at, updated_at, parent_id, is_deleted) VALUES (
    11,
    1,
    '1 Lorem ipsum dolor sit amet, consectetur adipiscing elit. Pellentesque blandit sapien ante, ac tempus metus viverra eu. Nulla id tincidunt est. Quisque ac fringilla orci. Mauris hendrerit urna diam, luctus pellentesque erat sodales nec. Vestibulum leo diam, ultricies eget dolor nec, accumsan convallis sapien. Etiam elementum vel est molestie euismod. Suspendisse consectetur tempor ante a sodales.\nDonec a iaculis risus. Aenean tristique, enim a congue maximus, lacus dui porta justo, vel fermentum metus metus in leo. Nulla eget pharetra erat. Sed at diam vitae augue molestie vehicula. Mauris consectetur, enim ut porttitor malesuada, erat urna luctus risus, et fringilla eros felis vel nunc. Donec libero lectus, consequat eget aliquam quis, placerat ac nibh. Fusce vel aliquam metus. Nulla et ligula ut nisl ullamcorper vulputate vitae nec ante. Morbi nec nunc placerat, elementum metus a, ultrices est. Aenean et diam lectus. Pellentesque habitant morbi tristique senectus et netus et malesuada fames ac turpis egestas. Vivamus vestibulum ligula a dignissim egestas. Donec fermentum, enim tempor lobortis auctor, eros nulla venenatis nibh, in lobortis lorem sapien et eros.\nEtiam vehicula eros felis, vitae sagittis nulla porttitor a. Curabitur lacinia lectus magna, vel efficitur ipsum faucibus nec. Etiam vulputate nunc sed ante laoreet, id dapibus nunc rutrum. Ut gravida tincidunt feugiat. Proin rutrum condimentum tempor. Suspendisse id vulputate ipsum. Praesent luctus scelerisque felis, eget euismod justo tempus eget. Donec interdum nisl sit amet ex porttitor, lacinia ultrices ipsum convallis. Curabitur consequat vehicula condimentum. Donec tortor nibh, suscipit sed tempus sit amet, malesuada eu nulla. Nulla quis diam sapien. Maecenas ac libero ex. Cras at elit in augue viverra sagittis vitae vitae ante. Fusce auctor tortor nunc, ac condimentum augue finibus id.\nDuis vel mi id nibh tincidunt congue. Aliquam erat volutpat. Mauris sit amet urna interdum, tristique nulla ut, pretium lectus. Cras ac condimentum mi. Phasellus efficitur nunc diam, sed ullamcorper mauris eleifend in. Sed nisl magna, lacinia at convallis ut, ultrices nec nibh. Sed eu purus faucibus, aliquet tortor sed, faucibus nisi. Maecenas vehicula commodo rhoncus. Orci varius natoque penatibus et magnis dis parturient montes, nascetur ridiculus mus. Nam fermentum, lectus vel gravida tempus, est tellus ullamcorper elit, dictum tincidunt orci nisi eget metus. Donec eget ante id ex cursus blandit feugiat ac est. Sed cursus justo a consectetur euismod. Orci varius natoque penatibus et magnis dis parturient montes, nascetur ridiculus mus.',
    'now'::timestamptz - '1 day'::interval,
    'now'::timestamptz - '2 days'::interval,
    null,
    FALSE
);

INSERT INTO post_comment (post_id, user_id, body, created_at, updated_at, parent_id, is_deleted) VALUES (
    11,
    1,
    '2 Lorem ipsum dolor sit amet, consectetur adipiscing elit.',
    'now'::timestamptz - '1 day'::interval,
    'now'::timestamptz - '2 days'::interval,
    null,
    FALSE
);

INSERT INTO post_comment (post_id, user_id, body, created_at, updated_at, parent_id, is_deleted) VALUES (
    11,
    1,
    '2a Lorem ipsum dolor sit amet, consectetur adipiscing elit.',
    'now'::timestamptz - '1 day'::interval,
    'now'::timestamptz - '2 days'::interval,
    2,
    FALSE
);

INSERT INTO post_comment (post_id, user_id, body, created_at, updated_at, parent_id, is_deleted) VALUES (
    11,
    1,
    '2b Lorem ipsum dolor sit amet, consectetur adipiscing elit.',
    'now'::timestamptz - '1 day'::interval,
    'now'::timestamptz - '2 days'::interval,
    2,
    FALSE
);

INSERT INTO post_comment (post_id, user_id, body, created_at, updated_at, parent_id, is_deleted) VALUES (
    11,
    1,
    '2 Lorem ipsum dolor sit amet, consectetur adipiscing elit.',
    'now'::timestamptz - '1 day'::interval,
    'now'::timestamptz - '2 days'::interval,
    4,
    FALSE
);

INSERT INTO post_comment (post_id, user_id, body, created_at, updated_at, parent_id, is_deleted) VALUES (
    11,
    1,
    '2 Lorem ipsum dolor sit amet, consectetur adipiscing elit.',
    'now'::timestamptz - '1 day'::interval,
    'now'::timestamptz - '2 days'::interval,
    5,
    FALSE
);

INSERT INTO post_comment (post_id, user_id, body, created_at, updated_at, parent_id, is_deleted) VALUES (
    11,
    1,
    '2 Lorem ipsum dolor sit amet, consectetur adipiscing elit.',
    'now'::timestamptz - '1 day'::interval,
    'now'::timestamptz - '2 days'::interval,
    5,
    FALSE
);

INSERT INTO post_comment (post_id, user_id, body, created_at, updated_at, parent_id, is_deleted) VALUES (
    11,
    1,
    '2 Lorem ipsum dolor sit amet, consectetur adipiscing elit.',
    'now'::timestamptz - '1 day'::interval,
    'now'::timestamptz - '2 days'::interval,
    5,
    TRUE
);

INSERT INTO post_comment (post_id, user_id, body, created_at, updated_at, parent_id, is_deleted) VALUES (
    11,
    2,
    '3 Vivamus vestibulum ligula a dignissim egestas. Donec fermentum, enim tempor lobortis auctor, eros nulla venenatis nibh, in lobortis lorem sapien et eros.\nEtiam vehicula eros felis, vitae sagittis nulla porttitor a. Curabitur lacinia lectus magna, vel efficitur ipsum faucibus nec. Etiam vulputate nunc sed ante laoreet, id dapibus nunc rutrum. Ut gravida tincidunt feugiat. Proin rutrum condimentum tempor. Suspendisse id vulputate ipsum. Praesent luctus scelerisque felis, eget euismod justo tempus eget. Donec interdum nisl sit amet ex porttitor, lacinia ultrices ipsum convallis. Curabitur consequat vehicula condimentum. Donec tortor nibh, suscipit sed tempus sit amet, malesuada eu nulla. Nulla quis diam sapien. Maecenas ac libero ex. Cras at elit in augue viverra sagittis vitae vitae ante. Fusce auctor tortor nunc, ac condimentum augue finibus id.\nDuis vel mi id nibh tincidunt congue. Aliquam erat volutpat. Mauris sit amet urna interdum, tristique nulla ut, pretium lectus. Cras ac condimentum mi. Phasellus efficitur nunc diam, sed ullamcorper mauris eleifend in. Sed nisl magna, lacinia at convallis ut, ultrices nec nibh. Sed eu purus faucibus, aliquet tortor sed, faucibus nisi. Maecenas vehicula commodo rhoncus.',
    'now'::timestamptz - '1 day'::interval,
    'now'::timestamptz - '2 days'::interval,
    8,
    FALSE
);

INSERT INTO post_comment (post_id, user_id, body, created_at, updated_at, parent_id, is_deleted) VALUES (
    11,
    2,
    '4 consectetur adipiscing elit\nPellentesque blandit sapien ante\nac tempus metus viverra eu\nNulla id tincidunt est',
    'now'::timestamptz - '1 day'::interval,
    'now'::timestamptz - '2 days'::interval,
    null,
    FALSE
);

INSERT INTO post_comment (post_id, user_id, body, created_at, updated_at, parent_id, is_deleted) VALUES (
    11,
    3,
    '5 Pellentesque blandit sapien ante, ac tempus metus viverra eu. Nulla id tincidunt est. Quisque ac fringilla orci. Mauris hendrerit urna diam, luctus pellentesque erat sodales nec. Vestibulum leo diam, ultricies eget dolor nec, accumsan convallis sapien. Etiam elementum vel est molestie euismod. Suspendisse consectetur tempor ante a sodales.\nDonec a iaculis risus. Aenean tristique, enim a congue maximus, lacus dui porta justo, vel fermentum metus metus in leo. Nulla eget pharetra erat. Sed at diam vitae augue molestie vehicula. Mauris consectetur, enim ut porttitor malesuada, erat urna luctus risus, et fringilla eros felis vel nunc.',
    'now'::timestamptz - '1 day'::interval,
    'now'::timestamptz - '2 days'::interval,
    null,
    FALSE
);

INSERT INTO post_comment (post_id, user_id, body, created_at, updated_at, parent_id, is_deleted) VALUES (
    11,
    6,
    '6 Sed at diam vitae augue molestie vehicula. Mauris consectetur, enim ut porttitor malesuada, erat urna luctus risus, et fringilla eros felis vel nunc. Donec libero lectus, consequat eget aliquam quis, placerat ac nibh. Fusce vel aliquam metus. Nulla et ligula ut nisl ullamcorper vulputate vitae nec ante. Morbi nec nunc placerat, elementum metus a, ultrices est. Aenean et diam lectus. Pellentesque habitant morbi tristique senectus et netus et malesuada fames ac turpis egestas. Vivamus vestibulum ligula a dignissim egestas. Donec fermentum, enim tempor lobortis auctor, eros nulla venenatis nibh, in lobortis lorem sapien et eros.\nEtiam vehicula eros felis, vitae sagittis nulla porttitor a. Curabitur lacinia lectus magna, vel efficitur ipsum faucibus nec. Etiam vulputate nunc sed ante laoreet, id dapibus nunc rutrum. Ut gravida tincidunt feugiat. Proin rutrum condimentum tempor. Suspendisse id vulputate ipsum. Praesent luctus scelerisque felis, eget euismod justo tempus eget. Donec interdum nisl sit amet ex porttitor, lacinia ultrices ipsum convallis. Curabitur consequat vehicula condimentum. Donec tortor nibh, suscipit sed tempus sit amet, malesuada eu nulla.',
    'now'::timestamptz - '1 day'::interval,
    'now'::timestamptz - '2 days'::interval,
    null,
    FALSE
);

INSERT INTO post_comment (post_id, user_id, body, created_at, updated_at, parent_id, is_deleted) VALUES (
    11,
    1,
    '7 Lorem ipsum dolor sit amet',
    'now'::timestamptz - '1 day'::interval,
    'now'::timestamptz - '2 days'::interval,
    null,
    FALSE
);

INSERT INTO post_comment (post_id, user_id, body, created_at, updated_at, parent_id, is_deleted) VALUES (
    11,
    2,
    '8 Lorem ipsum dolor sit amet',
    'now'::timestamptz - '1 day'::interval,
    'now'::timestamptz - '2 days'::interval,
    null,
    FALSE
);

INSERT INTO post_comment (post_id, user_id, body, created_at, updated_at, parent_id, is_deleted) VALUES (
    11,
    3,
    '9 Lorem ipsum dolor sit amet',
    'now'::timestamptz - '1 day'::interval,
    'now'::timestamptz - '1 days'::interval,
    null,
    FALSE
);

INSERT INTO post_comment (post_id, user_id, body, created_at, updated_at, parent_id, is_deleted) VALUES (
    11,
    4,
    '10 Lorem ipsum dolor sit amet',
    'now'::timestamptz - '1 day'::interval,
    'now'::timestamptz - '1 days'::interval,
    null,
    FALSE
);

INSERT INTO post_comment (post_id, user_id, body, created_at, updated_at, parent_id, is_deleted) VALUES (
    11,
    5,
    '11 Lorem ipsum dolor sit amet',
    'now'::timestamptz - '1 hour'::interval,
    'now'::timestamptz - '1 hour'::interval,
    null,
    FALSE
);

INSERT INTO post_comment (post_id, user_id, body, created_at, updated_at, parent_id, is_deleted) VALUES (
    11,
    6,
    '12 Lorem ipsum dolor sit amet',
    'now'::timestamptz - '1 hour'::interval,
    'now'::timestamptz - '1 hour'::interval,
    null,
    FALSE
);

INSERT INTO post_comment (post_id, user_id, body, created_at, updated_at, parent_id, is_deleted) VALUES (
    10,
    1,
    'The only comment here',
    'now'::timestamptz - '1 day'::interval,
    'now'::timestamptz - '2 days'::interval,
    null,
    FALSE
);
